{"train/loss":0.022350929942891992,"val/loss":0.028924773672770243,"training_history":{"height":1468,"_type":"image-file","sha256":"4f5057c937028c2a2749ace99d55881a239e9a143e48454085dbe03f6e3cc144","size":259721,"path":"media/images/training_history_9_4f5057c937028c2a2749.png","format":"png","width":4167},"val/recall":0.9007633587786259,"best_f1":0.9606299212598425,"best_epoch":4,"val/accuracy":0.9678899082568807,"_timestamp":1.7754098873343172e+09,"val/f1_score":0.944,"val/precision":0.9915966386554622,"confusion_matrix":{"height":1768,"_type":"image-file","sha256":"f7e29401881cbd80a95d732cc75f9308d06f4f590d3e6cbe180a9147a9d168c6","size":85518,"path":"media/images/confusion_matrix_9_f7e29401881cbd80a95d.png","format":"png","width":2223},"epoch":9,"_wandb":{"runtime":8272},"_step":9,"train/accuracy":0.9695752009184845,"learning_rate":2.5e-05,"_runtime":8272}