{"val/accuracy":0.9655963302752294,"epoch":12,"learning_rate":6.25e-06,"val/precision":0.9915254237288136,"_step":12,"best_epoch":7,"val/f1_score":0.9397590361445783,"_runtime":20414,"best_f1":0.9568627450980393,"confusion_matrix":{"sha256":"bf1f2683e85cd33172d7b203c8498b698a6fea4c485be6ee625d8cc9d473ffc9","size":85891,"path":"media/images/confusion_matrix_12_bf1f2683e85cd33172d7.png","format":"png","width":2223,"height":1768,"_type":"image-file"},"val/recall":0.8931297709923665,"_timestamp":1.7754010160036693e+09,"training_history":{"_type":"image-file","sha256":"1fabb4e5fb5b31b16a85f1820410edaeb791ca565a7ef4978627edae94670929","size":233269,"path":"media/images/training_history_12_1fabb4e5fb5b31b16a85.png","format":"png","width":4167,"height":1468},"_wandb":{"runtime":20414},"val/loss":0.03450302654320175,"train/accuracy":0.9690011481056258,"train/loss":0.019845849998325213}